{
	"class_name" : "PinholeCameraParameters",
	"extrinsic" : 
	[
		-0.20374306365076755,
		0.23761408365252637,
		0.94975171032442451,
		0.0,
		0.36754916368580859,
		-0.88057593858761485,
		0.2991548573137397,
		0.0,
		0.90741191103492913,
		0.41003117397401811,
		0.092076381778534944,
		0.0,
		-0.061651107991270937,
		0.030511924427653075,
		0.150211987465284,
		1.0
	],
	"intrinsic" : 
	{
		"height" : 1016,
		"intrinsic_matrix" : 
		[
			879.88181024498977,
			0.0,
			0.0,
			0.0,
			879.88181024498977,
			0.0,
			923.5,
			507.5,
			1.0
		],
		"width" : 1848
	},
	"version_major" : 1,
	"version_minor" : 0
}