{
	"class_name" : "PinholeCameraParameters",
	"extrinsic" : 
	[
		-0.99859086033454203,
		0.0029466674486037644,
		-0.052986892787429275,
		0.0,
		-0.0013293492908570141,
		-0.9995328947564065,
		-0.030532362017068312,
		0.0,
		-0.053052111049251227,
		-0.030418899566318252,
		0.99812833045775839,
		0.0,
		0.044580682225472616,
		0.051785561349303073,
		0.25752444872127705,
		1.0
	],
	"intrinsic" : 
	{
		"height" : 1016,
		"intrinsic_matrix" : 
		[
			879.88181024498977,
			0.0,
			0.0,
			0.0,
			879.88181024498977,
			0.0,
			923.5,
			507.5,
			1.0
		],
		"width" : 1848
	},
	"version_major" : 1,
	"version_minor" : 0
}