{
	"class_name" : "PinholeCameraParameters",
	"extrinsic" : 
	[
		0.57752744232865316,
		0.12544458627402422,
		-0.80667571497589008,
		0.0,
		0.30995316664605777,
		-0.94782755266510699,
		0.07451150847322302,
		0.0,
		-0.75524240336689619,
		-0.29306413322584002,
		-0.58627836901354435,
		0.0,
		-0.034092005696855943,
		0.034810580524926124,
		0.31571308534379772,
		1.0
	],
	"intrinsic" : 
	{
		"height" : 1016,
		"intrinsic_matrix" : 
		[
			879.88181024498977,
			0.0,
			0.0,
			0.0,
			879.88181024498977,
			0.0,
			923.5,
			507.5,
			1.0
		],
		"width" : 1848
	},
	"version_major" : 1,
	"version_minor" : 0
}